"","WIN_SIRET","WIN_GPS","WIN_NAME","WIN_ADDRESS","WIN_ZIP_CODE","WIN_TOWN","description","lat","long","WIN_ADDRESS_TEXT"
"1",30689637400320,"('48.683543521', '2.192070356')","ETANDEX","2 AVENUE DU PACIFIQUE","91940","LES ULIS","Le 22 novembre 2018, **ETANDEX** a obtenu un contrat d'une valeur de 184 752 €  dans le **CRA de Rouen - Oissel**. Elle est chargée de la mission suivante : *Réfection de l'étanchéité, mise en oeuvre d'une ventilation et mise aux normes PMR de deux chambres au Centre de Rétention Administratif de l'ENP à OISSEL (76)*. Cette mission est effectuée pour le compte de ASSOCIATION SPORTIVE DU SGAP OUEST.",48.683543521,2.192070356,"2 AVENUE DU PACIFIQUE, 91940 LES ULIS. "
"2",31632941600036,"('48.386125346', '2.9250049858')","G E T I SARL","450, RUE DE LA FOSSE AUX ANGLAIS","77130","LA GRANDE-PAROISSE","Le 8 juillet 2015, **G E T I SARL** a obtenu un contrat d'une valeur de 190 500 €  dans les **CRA de Mesnil-Amelot, Paris - Vincennes**. Elle est chargée de la mission suivante : *Travaux de réutilisation de l'ancien centre de rétention administrative pour le relogement des services de la police aux frontières, au Mesnil-Amelot*. Cette mission est effectuée pour le compte de PREFECTURE DE POLICE DE PARIS.",48.386125346,2.9250049858,"450, RUE DE LA FOSSE AUX ANGLAIS, 77130 LA GRANDE-PAROISSE. "
"3",32462209100027,"('47.608978165', '1.3157492542')","BRIAND CONSTRUCTION BLOIS","52 RUE ANDRE BOULLE","41000","BLOIS","Le 5 janvier 2022, **BRIAND CONSTRUCTION BLOIS** a obtenu un contrat d'une valeur de 4 639 018 €  dans le **CRA de Olivet**. Elle est chargée de la mission suivante : *CONSTRUCTION D'UN CENTRE DE RETENTION ADMINISTRATIVE*. Cette mission est effectuée pour le compte de SECRETARIAT GENERAL POUR L'ADMINISTRATION DU MINISTERE DE L'INTERIEUR OUEST pour une durée de 17 soit une fin de contrat aux environs de juillet 2023.",47.608978165,1.3157492542,"52 RUE ANDRE BOULLE, 41000 BLOIS. "
"4",32893161300751,"('43.240018232', '5.401314077')","MAIN SECURITE","36 BOULEVARD DE L'OCEAN","13009","MARSEILLE 9","Le 17 août 2020, **MAIN SECURITE** a obtenu un contrat d'une valeur de 538 314 €  dans le **CRA de Marseille**. Elle est chargée de la mission suivante : *Prestations d'accueil du public, d'accompagnement du retenu et de gardiennage du Centre de Rétention Administrative du Canet à Marseille* pour une durée de 48 soit une fin de contrat aux environs de septembre 2024.",43.240018232,5.401314077,"36 BOULEVARD DE L'OCEAN, 13009 MARSEILLE 9. "
"5",32900955900108,"('47.923219939', '1.9394888609')","EIFFAGE ENERGIE SYSTEMES - CENTRE LOIRE","3 RUE GUSTAVE EIFFEL","45000","ORLEANS","Le 5 janvier 2022, **EIFFAGE ENERGIE SYSTEMES - CENTRE LOIRE** a obtenu un contrat d'une valeur de 998 600 €  dans le **CRA de Olivet**. Elle est chargée de la mission suivante : *CONSTRUCTION D'UN CENTRE DE RETENTION ADMINISTRATIVE*. Cette mission est effectuée pour le compte de SECRETARIAT GENERAL POUR L'ADMINISTRATION DU MINISTERE DE L'INTERIEUR OUEST pour une durée de 17 soit une fin de contrat aux environs de juillet 2023.",47.923219939,1.9394888609,"3 RUE GUSTAVE EIFFEL, 45000 ORLEANS. "
"6",32933888300559,"('47.815332206', '1.948813622')","COLAS FRANCE","120 RUE DES GENETS","45590","SAINT-CYR-EN-VAL","Le 5 janvier 2022, **COLAS FRANCE** a obtenu un contrat d'une valeur de 1 054 864 €  dans le **CRA de Olivet**. Elle est chargée de la mission suivante : *CONSTRUCTION D'UN CENTRE DE RETENTION ADMINISTRATIVE*. Cette mission est effectuée pour le compte de SECRETARIAT GENERAL POUR L'ADMINISTRATION DU MINISTERE DE L'INTERIEUR OUEST pour une durée de 17 soit une fin de contrat aux environs de juillet 2023.",47.815332206,1.948813622,"120 RUE DES GENETS, 45590 SAINT-CYR-EN-VAL. "
"7",33229279600049,"('49.049148143', '2.1337225425')","SOCIETE PARISIENNE D'ALUMINIUM","ZA VERT GALANT 18 RUE DES OZIERS","95310","SAINT OUEN L'AUMONE","Le 21 août 2015, **SOCIETE PARISIENNE D'ALUMINIUM** a obtenu un contrat d'une valeur de 145 639 €  dans les **CRA de Mesnil-Amelot, Paris - Vincennes**. Elle est chargée de la mission suivante : *Réutilisation de l'ancien centre de rétention administrative pour le relogement des services de la police aux frontières au Mesnil-Amelot*. Cette mission est effectuée pour le compte de PREFECTURE DE POLICE DE PARIS.",49.049148143,2.1337225425,"ZA VERT GALANT 18 RUE DES OZIERS, 95310 SAINT OUEN L'AUMONE. "
"8",34106240400478,"('48.862484792', '2.3678552802')","GROUPE SOS SOLIDARITES","102 C RUE AMELOT","75011","PARIS 11","Le 4 décembre 2020, **GROUPE SOS SOLIDARITES** a obtenu un contrat d'une valeur de 1 192 440 €  dans le **CRA de Lille - Lesquin**. Elle est chargée de la mission suivante : *information et assistance juridique des étrangers maintenus dans les centres de rétention administrative (cra)*.\n \nLe 4 décembre 2020, **GROUPE SOS SOLIDARITES** a obtenu un contrat d'une valeur de 709 345 €  dans le **CRA de Metz - Queuleu**. Elle est chargée de la mission suivante : *information et assistance juridique des étrangers maintenus dans les centres de rétention administrative (cra)*.\n \nLe 4 décembre 2020, **GROUPE SOS SOLIDARITES** a obtenu un contrat d'une valeur de 2 868 524 €  dans le **CRA de Paris - Vincennes**. Elle est chargée de la mission suivante : *information et assistance juridique des étrangers maintenus dans les centres de rétention administrative (cra)*.",48.862484792,2.3678552802,"102 C RUE AMELOT, 75011 PARIS 11. "
"9",34106240402516,"('48.862484792', '2.3678552802')","GROUPE SOS SOLIDARITES","102 C RUE AMELOT","75011","PARIS 11","Le 4 décembre 2020, **GROUPE SOS SOLIDARITES** a obtenu un contrat d'une valeur de 384 161 €  dans le **CRA de Strasbourg - Geispolsheim**. Elle est chargée de la mission suivante : *information et assistance juridique des étrangers maintenus dans les centres de rétention administrative (cra)*.",48.862484792,2.3678552802,"102 C RUE AMELOT, 75011 PARIS 11. "
"10",34212254600118,"('48.892305817', '2.1738497547')","GEPSA","8-10 RUE HENRI SAINTE-CLAIRE DEVILLE","92500","RUEIL-MALMAISON","Le 5 août 2015, **GEPSA** a obtenu un contrat d'une valeur de 148 840 €  dans le **CRA de Nice**. Elle est chargée de la mission suivante : *externalisation de la gestion hôtelière du centre de rétention administrative à Nice*.\n \nLe 5 août 2015, **GEPSA** a obtenu un contrat d'une valeur de 125 512 €  dans le **CRA de Sète**. Elle est chargée de la mission suivante : *Externalisation de la gestion hôtelière du centre de rétention administrative à Sète*.",48.892305817,2.1738497547,"8-10 RUE HENRI SAINTE-CLAIRE DEVILLE, 92500 RUEIL-MALMAISON. "
"11",34212254600779,"('48.924180324', '2.3627692937')","GEPSA","IMMEUBLE OLYMPE 23 AVENUE JULES RIMET","93210","SAINT-DENIS","Le 24 janvier 2022, **GEPSA** a obtenu un contrat d'une valeur de 1 363 269 €  dans les **CRA de Marseille, Nîmes, Toulouse - Cornebarrieu**. Elle est chargée de la mission suivante : *Prestation de conduite de véhicules pour les escortes et transferts, de gestion des visiteurs pour les CRA Marseille, Nîmes et Toulouse.* pour une durée de 48 soit une fin de contrat aux environs de février 2026.\n \nLe 15 octobre 2021, **GEPSA** a obtenu un contrat d'une valeur de 130 075 €  dans le **CRA de Lyon - Saint-Exupéry**. Elle est chargée de la mission suivante : *Fourniture et distribution de repas au profit du nouveau centre de rétention administrative de Lyon*. Cette mission est effectuée pour le compte de SECRETARIAT GENERAL POUR L'ADMINISTRATION DU MINISTERE DE L'INTERIEUR SUD-EST pour une durée de 48 soit une fin de contrat aux environs de novembre 2025.\n \nLe 11 mars 2021, **GEPSA** a obtenu un contrat d'une valeur de 173 436 €  dans le **CRA de Hendaye**. Elle est chargée de la mission suivante : *Gestion hôtelière du centre de rétention administrative d'Hendaye (64)*. Cette mission est effectuée pour le compte de SECRETARIAT GENERAL POUR L'ADMINISTRATION DU MINISTERE DE L'INTERIEUR SUD-OUEST pour une durée de 36 soit une fin de contrat aux environs de avril 2024.\n \nLe 11 mars 2021, **GEPSA** a obtenu un contrat d'une valeur de 96 886 €  dans le **CRA de Hendaye**. Elle est chargée de la mission suivante : *Gestion hôtelière du centre de rétention administrative d'Hendaye (64)*. Cette mission est effectuée pour le compte de SECRETARIAT GENERAL POUR L'ADMINISTRATION DU MINISTERE DE L'INTERIEUR SUD-OUEST pour une durée de 36 soit une fin de contrat aux environs de avril 2024.\n \nLe 12 mai 2020, **GEPSA** a obtenu un contrat d'une valeur de 2 596 582 €  dans le **CRA de Perpignan**. Elle est chargée de la mission suivante : *MARCHE D'EXTERNALISATION DE LA GESTION HOTELIERE ET DE L'ENTRETIEN DU CENTRE DE RETENTION ADMINISTRATIVE (CRA) DE PERPIGNAN*. Cette mission est effectuée pour le compte de SYNDIC DES COPROPRIETAIRES 215 CH DE STE MARTHE 13014 MARSEILLE pour une durée de 6 soit une fin de contrat aux environs de décembre 2020.\n \nLe 30 septembre 2019, **GEPSA** a obtenu un contrat d'une valeur de 1 283 481 €  dans les **CRA de Nice, Nîmes, Sète**. Elle est chargée de la mission suivante : *MARCHE DE GESTION HÔTELIERE DES CENTRES DE RETENTION D'ADMINISTRATIVE (C.R.A.) DE NÎMES, NICE ET SETE ET DE PRESTATIONS ESPACE VERT POUR LE CRA DE NICE* pour une durée de 12 soit une fin de contrat aux environs de octobre 2020.\n \nLe 29 octobre 2018, **GEPSA** a obtenu un contrat d'une valeur de 413 009 €  dans le **CRA de Strasbourg - Geispolsheim**. Elle est chargée de la mission suivante : *Nettoyage, hôtellerie et restauration du Centre de Rétention Administrative de GEISPOLSHEIM (67)*.\n \nLe 12 février 2018, **GEPSA** a obtenu un contrat d'une valeur de 426 204 €  dans le **CRA de Hendaye**. Elle est chargée de la mission suivante : *Externalisation de la gestion hôtelière du Centre de rétention administrative d'Hendaye (Pyrénées Atlantiques)*. Cette mission est effectuée pour le compte de SECRETARIAT GENERAL POUR L'ADMINISTRATION DU MINISTERE DE L'INTERIEUR SUD-OUEST pour une durée de 36 soit une fin de contrat aux environs de mars 2021.\n \nLe 12 février 2018, **GEPSA** a obtenu un contrat d'une valeur de 100 758 €  dans le **CRA de Hendaye**. Elle est chargée de la mission suivante : *Externalisation de la gestion hôtelière du Centre de rétention administrative d'Hendaye (Pyrénées Atlantiques)*. Cette mission est effectuée pour le compte de SECRETARIAT GENERAL POUR L'ADMINISTRATION DU MINISTERE DE L'INTERIEUR SUD-OUEST pour une durée de 36 soit une fin de contrat aux environs de mars 2021.\n \nLe 12 février 2018, **GEPSA** a obtenu un contrat d'une valeur de 106 788 €  dans le **CRA de Hendaye**. Elle est chargée de la mission suivante : *Externalisation de la gestion hôtelière du Centre de rétention administrative d'Hendaye (Pyrénées Atlantiques)*. Cette mission est effectuée pour le compte de SECRETARIAT GENERAL POUR L'ADMINISTRATION DU MINISTERE DE L'INTERIEUR SUD-OUEST pour une durée de 36 soit une fin de contrat aux environs de mars 2021.\n \nLe 26 octobre 2016, **GEPSA** a obtenu un contrat d'une valeur de 88 046 €  dans le **CRA de Bordeaux**. Elle est chargée de la mission suivante : *Externalisation de la gestion hôtelière du Centre de Rétention Administrative de Bordeaux*. Cette mission est effectuée pour le compte de SECRETARIAT GENERAL POUR L'ADMINISTRATION DU MINISTERE DE L'INTERIEUR SUD-OUEST pour une durée de 36 soit une fin de contrat aux environs de novembre 2019.\n \nLe 21 juin 2016, **GEPSA** a obtenu un contrat d'une valeur de 500 007 €  dans le **CRA de Mesnil-Amelot**. Elle est chargée de la mission suivante : *prestations multiservices et multitechniques dans les cra 2 et 3 de la direction départementale de la ddpaf 77, de l'annexe au tgi de meaux et gestion multitechnique cantonnement crs du mesnil amelot*. Cette mission est effectuée pour le compte de SECRETARIAT GEN ADMINISTRATION POLICE pour une durée de 12 soit une fin de contrat aux environs de juillet 2017.\n \nLe 14 septembre 2015, **GEPSA** a obtenu un contrat d'une valeur de 214 761 €  dans le **CRA de Toulouse - Cornebarrieu**. Elle est chargée de la mission suivante : *gestion hôtelière du centre de rétention administrative de Toulouse*. Cette mission est effectuée pour le compte de SECRETARIAT GENERAL POUR L'ADMINISTRATION DU MINISTERE DE L'INTERIEUR SUD-OUEST pour une durée de 36 soit une fin de contrat aux environs de octobre 2018.",48.924180324,2.3627692937,"IMMEUBLE OLYMPE 23 AVENUE JULES RIMET, 93210 SAINT-DENIS. "
"12",34212254600845,"('43.233303094', '5.4127967744')","GEPSA","IMMEUBLE OLYMPE - 23 AVENUE JULES RIMET","13009","MARSEILLE 9","Le 27 février 2019, **GEPSA** a obtenu un contrat d'une valeur de 246 190 €  dans le **CRA de Toulouse - Cornebarrieu**. Elle est chargée de la mission suivante : *externalisation de la gestion hôtelière du centre de rétention administrative à cornebarrieu (31)*. Cette mission est effectuée pour le compte de ASSOCIATION DES DOMONIENS DE MARSEILLE.",43.233303094,5.4127967744,"IMMEUBLE OLYMPE - 23 AVENUE JULES RIMET, 13009 MARSEILLE 9. "
"13",34792170200036,"('43.606401352', '3.8293602989')","","AGENCE LANGUEDOC ROUSSILLON 201 RUE EUCLIDE PARC EUREKA CS 49531","34070","MONTPELLIER","Le 14 novembre 2018, GEPSA INSTITUT a obtenu un contrat d'une valeur de 10 048 992 € pour la mission suivante : Prestations multiservices et multitechniques dans les Centres de Rétention Administrative de Paris Cette mission est effectuée pour le compte de PREFECTURE DE POLICE DE PARIS pour une durée de 48 soit une fin de contrat aux environs de décembre 2022. <br />",43.606401352,3.8293602989,"AGENCE LANGUEDOC ROUSSILLON 201 RUE EUCLIDE PARC EUREKA CS 49531, 34070 MONTPELLIER. "
"14",35265188900045,"('43.322658253', '-0.401380461')","INTER ENERGIES SE","ZAC DU PESQUE SQUARE DU MOULIN","64140","LONS","Le 5 octobre 2017, **INTER ENERGIES SE** a obtenu un contrat d'une valeur de 31 803 €  dans le **CRA de Hendaye**. Elle est chargée de la mission suivante : *Marché d'exploitation des installations multitechniques du Centre de Rétention Administratif d'Hendaye (64)*. Cette mission est effectuée pour le compte de SECRETARIAT GENERAL POUR L'ADMINISTRATION DU MINISTERE DE L'INTERIEUR SUD-OUEST pour une durée de 24 soit une fin de contrat aux environs de novembre 2019.",43.322658253,-0.401380461,"ZAC DU PESQUE SQUARE DU MOULIN, 64140 LONS. "
"15",35323549200017,"('47.92918486', '-1.740515506')","MARGUE SARL","17 RUE DE LA GARE","35890","BOURG-DES-COMPTES","Le 3 mars 2015, **MARGUE SARL** a obtenu un contrat d'une valeur de 65 784 €  dans le **CRA de Rennes**. Elle est chargée de la mission suivante : *Travaux de relogement de la direction zonale de la police aux frontières sur le centre de rétention administrative à Saint Jacques de la Lande (35).*. Cette mission est effectuée pour le compte de ASSOCIATION SPORTIVE DU SGAP OUEST.",47.92918486,-1.740515506,"17 RUE DE LA GARE, 35890 BOURG-DES-COMPTES. "
"16",35850192200068,"('49.588376814', '0.4857272537')","MARTIN CALAIS","PA DE BACLAIR 64 AVENUE LOUIS DEBRAY","76210","BOLBEC","Le 25 octobre 2019, **MARTIN CALAIS** a obtenu un contrat d'une valeur de 81 058 €  dans le **CRA de Rennes**. Elle est chargée de la mission suivante : *ST JACQUES DE LA LANDE (35) - Création d'un bâtiment modulaire sur le site du Centre de Rétention Administrative* pour une durée de 7 soit une fin de contrat aux environs de juin 2020.",49.588376814,0.4857272537,"PA DE BACLAIR 64 AVENUE LOUIS DEBRAY, 76210 BOLBEC. "
"17",37763459700076,"('48.912414918', '2.3337501221')","","74, BOULEVARD JEAN-JAURÈS","93400","SAINT-OUEN-SUR-SEINE","Le 14 novembre 2018, GEPSA INSTITUT a obtenu un contrat d'une valeur de 10 048 992 € pour la mission suivante : Prestations multiservices et multitechniques dans les Centres de Rétention Administrative de Paris Cette mission est effectuée pour le compte de PREFECTURE DE POLICE DE PARIS pour une durée de 48 soit une fin de contrat aux environs de décembre 2022. <br />",48.912414918,2.3337501221,"74, BOULEVARD JEAN-JAURÈS, 93400 SAINT-OUEN-SUR-SEINE. "
"18",37922793700099,"('43.294947987', '5.3777999574')","ACS CONSULTANTS","23 RUE VACON","13001","MARSEILLE 1","Le 23 août 2016, **ACS CONSULTANTS** a obtenu un contrat d'une valeur de 8 400 €  dans le **CRA de Marseille**. Elle est chargée de la mission suivante : *Evaluation externe des activités et de la qualité des prestations du CAARUD et du CRA de l'AP-HM (MAPA 273.16)*. Cette mission est effectuée pour le compte de HM.",43.294947987,5.3777999574,"23 RUE VACON, 13001 MARSEILLE 1. "
"19",38025141300023,"('48.224554433', '-1.499840642')","BINOIS MENUISERIE","PA BEAUGNE","35340","LIFFRE","Le 19 février 2015, **BINOIS MENUISERIE** a obtenu un contrat d'une valeur de 73 832 €  dans le **CRA de Rennes**. Elle est chargée de la mission suivante : *Travaux de relogement de la direction zonale de la police aux frontières sur le centre de rétention administrative à Saint Jacques de la Lande (35).*. Cette mission est effectuée pour le compte de ASSOCIATION SPORTIVE DU SGAP OUEST.",48.224554433,-1.499840642,"PA BEAUGNE, 35340 LIFFRE. "
"20",38117111500037,"('49.009062272', '2.3848604181')","ART MANIAC","10 RUELLE DORDET","95400","VILLIERS-LE-BEL","Le 27 juillet 2015, **ART MANIAC** a obtenu un contrat d'une valeur de 103 800 €  dans les **CRA de Mesnil-Amelot, Paris - Vincennes**. Elle est chargée de la mission suivante : *Travaux de réutilisation de l'ancien centre de rétention administrative pour le relogement des services de la police aux frontières, au Mesnil-Amelot*. Cette mission est effectuée pour le compte de PREFECTURE DE POLICE DE PARIS.",49.009062272,2.3848604181,"10 RUELLE DORDET, 95400 VILLIERS-LE-BEL. "
"21",38145982500026,"('48.139991571', '-1.56032148')","BERNARD ELECTRICITE","6 ZA LE BOULAIS","35690","ACIGNE","**BERNARD ELECTRICITE** a obtenu un contrat  dans le **CRA de Rennes**. Elle est chargée de la mission suivante : *Rénovation de la régulation du chauffage électrique dans les bureaux de la direction zonale de la police aux frontières, au centre de rétention administratif de Saint-Jacques-de-la-Lande (35).*. Cette mission est effectuée pour le compte de MIN pour une durée de 3 soit une fin de contrat aux environs de NA.",48.139991571,-1.56032148,"6 ZA LE BOULAIS, 35690 ACIGNE. "
"22",38193488400028,"('48.148066182', '-1.762636076')","ABH","RUE JEAN MARIE DAVID","35740","PACE","Le 19 février 2015, **ABH** a obtenu un contrat d'une valeur de 22 150 €  dans le **CRA de Rennes**. Elle est chargée de la mission suivante : *Travaux de relogement de la direction zonale de la police aux frontières sur le centre de rétention administrative à Saint Jacques de la Lande (35).*. Cette mission est effectuée pour le compte de ASSOCIATION SPORTIVE DU SGAP OUEST.",48.148066182,-1.762636076,"RUE JEAN MARIE DAVID, 35740 PACE. "
"23",38793417700016,"('49.416998471', '1.053032271')","ETABLISSEMENTS DESORMEAUX","38 RUE PAUL LAMBARD BP 212","76120","LE GRAND-QUEVILLY","Le 26 décembre 2016, **ETABLISSEMENTS DESORMEAUX** a obtenu un contrat d'une valeur de 10 668 €  dans le **CRA de Rouen - Oissel**. Elle est chargée de la mission suivante : *Oissel (76) sécurisation du Centre de Rétention Administratif - 2016*. Cette mission est effectuée pour le compte de SECRETARIAT GENERAL POUR L'ADMINISTRATION DU MINISTERE DE L'INTERIEUR OUEST.",49.416998471,1.053032271,"38 RUE PAUL LAMBARD BP 212, 76120 LE GRAND-QUEVILLY. "
"24",39184392700057,"('45.744292144', '4.8250552533')","SARL CENTURIONS","38 RUE DELANDINE","69002","LYON 2EME","Le 29 décembre 2015, **SARL CENTURIONS** a obtenu un contrat d'une valeur de 177 536 €  dans le **CRA de Lyon - Saint-Exupéry**. Elle est chargée de la mission suivante : *Emploi de personnel qualifié S.S.I.A.P. de niveau 1 au profit du centre de rétention administrative de Lyon Saint-Exupery*. Cette mission est effectuée pour le compte de SECRETARIAT GENERAL POUR L'ADMINISTRATION DU MINISTERE DE L'INTERIEUR SUD-EST pour une durée de 12 soit une fin de contrat aux environs de janvier 2017.",45.744292144,4.8250552533,"38 RUE DELANDINE, 69002 LYON 2EME. "
"25",39804672200060,"('48.912414918', '2.3337501221')","","74, BOULEVARD JEAN-JAURÈS","93400","SAINT-OUEN-SUR-SEINE","NA",48.912414918,2.3337501221,"74, BOULEVARD JEAN-JAURÈS, 93400 SAINT-OUEN-SUR-SEINE. "
"26",39853850400018,"('48.217552043', '-1.5067501')","ATELIER CREATION METAL","ZA LA PERRIÈRE 2 RUE DENIS PAPIN","35340","LIFFRE","Le 4 janvier 2021, **ATELIER CREATION METAL** a obtenu un contrat d'une valeur de 42 220 €  dans le **CRA de Rennes**. Elle est chargée de la mission suivante : *Travaux pour la mise en place d'un bâtiment modulaire au Centre de Rétention Administrative à St Jacques de la Lande (35) - 2ème consultation*.",48.217552043,-1.5067501,"ZA LA PERRIÈRE 2 RUE DENIS PAPIN, 35340 LIFFRE. "
"27",39856086200060,"('44.785872292', '-0.57909347')","HOGOS","441 CHEMIN DE LEYSOTTE","33140","VILLENAVE D'ORNON","Le 5 janvier 2022, **HOGOS** a obtenu un contrat d'une valeur de 32 686 €  dans le **CRA de Olivet**. Elle est chargée de la mission suivante : *CONSTRUCTION D'UN CENTRE DE RETENTION ADMINISTRATIVE*. Cette mission est effectuée pour le compte de SECRETARIAT GENERAL POUR L'ADMINISTRATION DU MINISTERE DE L'INTERIEUR OUEST pour une durée de 17 soit une fin de contrat aux environs de juillet 2023.\n \nLe 5 janvier 2022, **HOGOS** a obtenu un contrat d'une valeur de 363 223 €  dans le **CRA de Olivet**. Elle est chargée de la mission suivante : *CONSTRUCTION D'UN CENTRE DE RETENTION ADMINISTRATIVE*. Cette mission est effectuée pour le compte de SECRETARIAT GENERAL POUR L'ADMINISTRATION DU MINISTERE DE L'INTERIEUR OUEST pour une durée de 17 soit une fin de contrat aux environs de juillet 2023.",44.785872292,-0.57909347,"441 CHEMIN DE LEYSOTTE, 33140 VILLENAVE D'ORNON. "
"28",40029256100042,"('43.238890989', '0.0288445205')","WILAU PROPRETE","2 BIS CHEMIN DE LA TRAVERSE","65420","IBOS","Le 9 mars 2021, **WILAU PROPRETE** a obtenu un contrat d'une valeur de 154 909 €  dans le **CRA de Hendaye**. Elle est chargée de la mission suivante : *Gestion hôtelière du centre de rétention administrative d'Hendaye (64)*. Cette mission est effectuée pour le compte de SECRETARIAT GENERAL POUR L'ADMINISTRATION DU MINISTERE DE L'INTERIEUR SUD-OUEST pour une durée de 36 soit une fin de contrat aux environs de avril 2024.",43.238890989,0.0288445205,"2 BIS CHEMIN DE LA TRAVERSE, 65420 IBOS. "
"29",40130723600075,"('43.426267047', '5.259919308')","MAGHREB TRANSPORT SERVICES","1330 RUE JRGG DE LA LAUZIÈRE","13127","VITROLLES","Le 26 février 2019, **MAGHREB TRANSPORT SERVICES** a obtenu un contrat d'une valeur de 82 383 €  dans le **CRA de Marseille**. Elle est chargée de la mission suivante : *Maintenance et exploitation multi-techniques et Externalisation de la gestion hôtelière De la DZPAF et du CRA et de la Zone d'Attente (ZA) du Canet à Marseille (13)*. Cette mission est effectuée pour le compte de SA CIE DU SAVON DE MARSEILLE pour une durée de 48 soit une fin de contrat aux environs de mars 2023.",43.426267047,5.259919308,"1330 RUE JRGG DE LA LAUZIÈRE, 13127 VITROLLES. "
"30",40203838400135,"('48.078562282', '-1.741059588')","EIFFAGE ROUTE OUEST","ZI LA HAIE DES COGNETS","35136","SAINT-JACQUES-DE-LA-LANDE","Le 19 février 2015, **EIFFAGE ROUTE OUEST** a obtenu un contrat d'une valeur de 128 877 €  dans le **CRA de Rennes**. Elle est chargée de la mission suivante : *Travaux de relogement de la direction zonale de la police aux frontières sur le centre de rétention administrative à Saint Jacques de la Lande (35).*. Cette mission est effectuée pour le compte de ASSOCIATION SPORTIVE DU SGAP OUEST.",48.078562282,-1.741059588,"ZI LA HAIE DES COGNETS, 35136 SAINT-JACQUES-DE-LA-LANDE. "
"31",40282201900251,"('43.677464619', '4.0801550442')","EUROGEM","503 RUE DU ROUCANIER","34400","LUNEL-VIEL","Le 29 septembre 2020, **EUROGEM** a obtenu un contrat d'une valeur de 914 659 €  dans le **CRA de Nîmes**. Elle est chargée de la mission suivante : *Exploitation et maintenance multi technique du centre de rétention administrative (CRA) de Nîmes (30)* pour une durée de 48 soit une fin de contrat aux environs de octobre 2024.",43.677464619,4.0801550442,"503 RUE DU ROUCANIER, 34400 LUNEL-VIEL. "
"32",40320025601430,"('47.87203767', '1.9283700743')","QUALICONSULT SECURITE","117 RUE DU BOIS GIRAULT","45650","SAINT-JEAN-LE-BLANC","Le 16 juillet 2020, **QUALICONSULT SECURITE** a obtenu un contrat d'une valeur de 8 200 €  dans le **CRA de Olivet**. Elle est chargée de la mission suivante : *Mission SPS pour la construction d'un Centre de Rétention Administrative et de locaux pour la direction interdépartementale de la police aux frontières à Olivet (45) - Mission de niveau 1*.",47.87203767,1.9283700743,"117 RUE DU BOIS GIRAULT, 45650 SAINT-JEAN-LE-BLANC. "
"33",40331360400015,"('48.120890155', '-1.823364827')","SER AL FER","RUE DE LA HAUTIÈRE","35590","L'HERMITAGE","Le 18 février 2015, **SER AL FER** a obtenu un contrat d'une valeur de 64 244 €  dans le **CRA de Rennes**. Elle est chargée de la mission suivante : *Travaux de relogement de la direction zonale de la police aux frontières sur le centre de rétention administrative à Saint Jacques de la Lande (35).*. Cette mission est effectuée pour le compte de ASSOCIATION SPORTIVE DU SGAP OUEST.",48.120890155,-1.823364827,"RUE DE LA HAUTIÈRE, 35590 L'HERMITAGE. "
"34",41008718300035,"('49.002448604', '1.1797644113')","GUY LEBLANC SARL","46 RUE NUNGESSER ET COLI","27930","GUICHAINVILLE","Le 22 novembre 2018, **GUY LEBLANC SARL** a obtenu un contrat d'une valeur de 117 390 €  dans le **CRA de Rouen - Oissel**. Elle est chargée de la mission suivante : *Réfection de l'étanchéité, mise en oeuvre d'une ventilation et mise aux normes PMR de deux chambres au Centre de Rétention Administratif de l'ENP à OISSEL (76)*. Cette mission est effectuée pour le compte de ASSOCIATION SPORTIVE DU SGAP OUEST.",49.002448604,1.1797644113,"46 RUE NUNGESSER ET COLI, 27930 GUICHAINVILLE. "
"35",41013063700029,"('47.921433494', '1.9467351231')","CROIXMARIE","40 FRERES LUMIERE","45800","SAINT-JEAN-DE-BRAYE","Le 5 janvier 2022, **CROIXMARIE** a obtenu un contrat d'une valeur de 914 346 €  dans le **CRA de Olivet**. Elle est chargée de la mission suivante : *CONSTRUCTION D'UN CENTRE DE RETENTION ADMINISTRATIVE*. Cette mission est effectuée pour le compte de SECRETARIAT GENERAL POUR L'ADMINISTRATION DU MINISTERE DE L'INTERIEUR OUEST pour une durée de 17 soit une fin de contrat aux environs de juillet 2023.",47.921433494,1.9467351231,"40 FRERES LUMIERE, 45800 SAINT-JEAN-DE-BRAYE. "
"36",41015167400026,"('50.494382405', '2.9993442658')","DUPONT RESTAURATION","13 AVENUE BLAISE PASCAL ZA LES PORTES DU NORD","62820","LIBERCOURT","Le 5 octobre 2020, **DUPONT RESTAURATION** a obtenu un contrat d'une valeur de 5 500 000 €  dans le **CRA de Rouen - Oissel**. Elle est chargée de la mission suivante : *CONCESSION DE SERVICE DE RESTAURATION ECOLE NATIONALE DE POLICE ET DU CENTRE DE RETENTION ADMINISTRATIVE DE ROUEN OISSEL* pour une durée de 60 soit une fin de contrat aux environs de novembre 2025.",50.494382405,2.9993442658,"13 AVENUE BLAISE PASCAL ZA LES PORTES DU NORD, 62820 LIBERCOURT. "
"37",41495354700018,"('47.913308339', '1.8658874791')","GALLIER","160 RUE LEON FOUCAULT","45140","SAINT-JEAN-DE-LA-RUELLE","Le 5 janvier 2022, **GALLIER** a obtenu un contrat d'une valeur de 64 047 €  dans le **CRA de Olivet**. Elle est chargée de la mission suivante : *CONSTRUCTION D'UN CENTRE DE RETENTION ADMINISTRATIVE*. Cette mission est effectuée pour le compte de SECRETARIAT GENERAL POUR L'ADMINISTRATION DU MINISTERE DE L'INTERIEUR OUEST pour une durée de 17 soit une fin de contrat aux environs de juillet 2023.\n \nLe 5 janvier 2022, **GALLIER** a obtenu un contrat d'une valeur de 456 423 €  dans le **CRA de Olivet**. Elle est chargée de la mission suivante : *CONSTRUCTION D'UN CENTRE DE RETENTION ADMINISTRATIVE*. Cette mission est effectuée pour le compte de SECRETARIAT GENERAL POUR L'ADMINISTRATION DU MINISTERE DE L'INTERIEUR OUEST pour une durée de 17 soit une fin de contrat aux environs de juillet 2023.",47.913308339,1.8658874791,"160 RUE LEON FOUCAULT, 45140 SAINT-JEAN-DE-LA-RUELLE. "
"38",42368177400042,"('48.868740866', '2.457630015')","CHALLANCIN ACCUEIL ET SERVICES","2 AVENUE DU PRÉSIDENT SALVADOR ALLENDE","93100","MONTREUIL","Le 28 décembre 2021, **CHALLANCIN ACCUEIL ET SERVICES** a obtenu un contrat d'une valeur de 179 042 €  dans le **CRA de Lyon - Saint-Exupéry**. Elle est chargée de la mission suivante : *Externalisation de prestations au profits des CRA de Lyon 1 et Lyon 2*. Cette mission est effectuée pour le compte de SECRETARIAT GENERAL POUR L'ADMINISTRATION DU MINISTERE DE L'INTERIEUR SUD-EST pour une durée de 12 soit une fin de contrat aux environs de janvier 2023.",48.868740866,2.457630015,"2 AVENUE DU PRÉSIDENT SALVADOR ALLENDE, 93100 MONTREUIL. "
"39",42942706500249,"('44.489315609', '-0.796212922')","SAMOP","SAMOP AQUITAINE VILLAGE D'ENTREPRISE 13 RUE GUSTAVE EIFFEL 'LA RIVIÈRE'","33830","BELIN-BELIET","Le 1 mars 2022, **SAMOP** a obtenu un contrat d'une valeur de 137 200 €  dans le **CRA de Mérignac**. Elle est chargée de la mission suivante : *Mission d'assistance technique à maîtrise d'ouvrage pour la construction du nouveau Centre de Rétention Administrative (CRA) de Pessac*. Cette mission est effectuée pour le compte de SECRETARIAT GENERAL POUR L'ADMINISTRATION DU MINISTERE DE L'INTERIEUR SUD-OUEST pour une durée de 35 soit une fin de contrat aux environs de février 2025.",44.489315609,-0.796212922,"SAMOP AQUITAINE VILLAGE D'ENTREPRISE 13 RUE GUSTAVE EIFFEL 'LA RIVIÈRE', 33830 BELIN-BELIET. "
"40",42946892900022,"('48.135195898', '-1.688299112')","GUITTON ALUMINIUM","17 RUE DES PETITS CHAMPS","35760","SAINT-GREGOIRE","Le 19 février 2015, **GUITTON ALUMINIUM** a obtenu un contrat d'une valeur de 45 684 €  dans le **CRA de Rennes**. Elle est chargée de la mission suivante : *Travaux de relogement de la direction zonale de la police aux frontières sur le centre de rétention administrative à Saint Jacques de la Lande (35).*. Cette mission est effectuée pour le compte de ASSOCIATION SPORTIVE DU SGAP OUEST.",48.135195898,-1.688299112,"17 RUE DES PETITS CHAMPS, 35760 SAINT-GREGOIRE. "
"41",43227207800028,"('48.874812763', '2.3075027923')","CENTAURE AVOCATS","169, BOULEVARD HAUSSMANN","75008","PARIS 8","Le 9 avril 2018, **CENTAURE AVOCATS** a obtenu un contrat d'une valeur de 3 500 000 €  dans le **CRA de Paris - Vincennes**. Elle est chargée de la mission suivante : *Représentation de la Préfecture de Police pour le contentieux des étrangers devant les juridictions judiciaires et administratives et consultations juridiques*. Cette mission est effectuée pour le compte de PREFECTURE DE POLICE DE PARIS pour une durée de 12 soit une fin de contrat aux environs de mai 2019.\n \nLe 9 avril 2018, **CENTAURE AVOCATS** a obtenu un contrat d'une valeur de 2 000 000 €  dans le **CRA de Paris - Vincennes**. Elle est chargée de la mission suivante : *Représentation de la Préfecture de Police pour le contentieux des étrangers devant les juridictions judiciaires et administratives et consultations juridiques*. Cette mission est effectuée pour le compte de PREFECTURE DE POLICE DE PARIS pour une durée de 12 soit une fin de contrat aux environs de mai 2019.\n \nLe 9 avril 2018, **CENTAURE AVOCATS** a obtenu un contrat d'une valeur de 520 000 €  dans le **CRA de Paris - Vincennes**. Elle est chargée de la mission suivante : *Représentation de la Préfecture de Police pour le contentieux des étrangers devant les juridictions judiciaires et administratives et consultations juridiques*. Cette mission est effectuée pour le compte de PREFECTURE DE POLICE DE PARIS pour une durée de 12 soit une fin de contrat aux environs de mai 2019.",48.874812763,2.3075027923,"169, BOULEVARD HAUSSMANN, 75008 PARIS 8. "
"42",43389978800049,"('43.489771499', '5.3419824543')","PROVENCE MAINTENANCE SERVICES","165 AVENUE GALILÉE - IMMEUBLE LE RUBIS","13080","AIX-EN-PROVENCE","Le 10 avril 2019, **PROVENCE MAINTENANCE SERVICES** a obtenu un contrat d'une valeur de 360 790 €  dans le **CRA de Marseille**. Elle est chargée de la mission suivante : *Maintenance et exploitation multi-techniques et Externalisation de la gestion hôtelière De la DZPAF et du CRA et de la Zone d'Attente (ZA) du Canet à Marseille (13)*. Cette mission est effectuée pour le compte de SA CIE DU SAVON DE MARSEILLE pour une durée de 48 soit une fin de contrat aux environs de mai 2023.",43.489771499,5.3419824543,"165 AVENUE GALILÉE - IMMEUBLE LE RUBIS, 13080 AIX-EN-PROVENCE. "
"43",43389978800072,"('43.487045923', '5.3845723485')","PROVENCE MAINTENANCE SERVICES","685, RUE GEORGES CLAUDE","13290","AIX-EN-PROVENCE","Le 22 septembre 2023, **PROVENCE MAINTENANCE SERVICES** a obtenu un contrat d'une valeur de 869 366 €  dans le **CRA de Marseille**. Elle est chargée de la mission suivante : *Accord-cadre mono-attributaire composite à bons de commande relatif à l'externalisation de la gestion hôtelière de la DZPAF du CRA et de la ZA du Canet* pour une durée de 12 soit une fin de contrat aux environs de octobre 2024.\n \nLe 13 septembre 2023, **PROVENCE MAINTENANCE SERVICES** a obtenu un contrat d'une valeur de 232 138 €  dans le **CRA de Marseille**. Elle est chargée de la mission suivante : *Accord-cadre mono-attributaire composite à bons de commande pour la maintenance et l'exploitation multi-techniques de la DZPAF du CRA et de la ZA du Canet* pour une durée de 12 soit une fin de contrat aux environs de octobre 2024.",43.487045923,5.3845723485,"685, RUE GEORGES CLAUDE, 13290 AIX-EN-PROVENCE. "
"44",43394333900054,"('44.788651416', '-0.58916972')","VIDIMUS","10 RUE SALVADOR ALLENDE","33400","TALENCE","Le 1 juin 2022, **VIDIMUS** a obtenu un contrat d'une valeur de 189 575 € . Elle est chargée de la mission suivante : *Marché de nettoyage des locaux et des surfaces vitrées des services de police de la DZCRS, CRS 14, CRS AA et LRA de Cenon* pour une durée de 48 soit une fin de contrat aux environs de juillet 2026.",44.788651416,-0.58916972,"10 RUE SALVADOR ALLENDE, 33400 TALENCE. "
"45",43455796300023,"('46.203934581', '5.2244300407')","SERFATY VENUTTI CAMACHO & CORDIER","02 RUE CLAVAGRY","01000","BOURG-EN-BRESSE","Le 9 avril 2018, **SERFATY VENUTTI CAMACHO & CORDIER** a obtenu un contrat d'une valeur de 3 500 000 €  dans le **CRA de Paris - Vincennes**. Elle est chargée de la mission suivante : *Représentation de la Préfecture de Police pour le contentieux des étrangers devant les juridictions judiciaires et administratives et consultations juridiques*. Cette mission est effectuée pour le compte de PREFECTURE DE POLICE DE PARIS pour une durée de 12 soit une fin de contrat aux environs de mai 2019.\n \nLe 9 avril 2018, **SERFATY VENUTTI CAMACHO & CORDIER** a obtenu un contrat d'une valeur de 2 000 000 €  dans le **CRA de Paris - Vincennes**. Elle est chargée de la mission suivante : *Représentation de la Préfecture de Police pour le contentieux des étrangers devant les juridictions judiciaires et administratives et consultations juridiques*. Cette mission est effectuée pour le compte de PREFECTURE DE POLICE DE PARIS pour une durée de 12 soit une fin de contrat aux environs de mai 2019.\n \nLe 9 avril 2018, **SERFATY VENUTTI CAMACHO & CORDIER** a obtenu un contrat d'une valeur de 520 000 €  dans le **CRA de Paris - Vincennes**. Elle est chargée de la mission suivante : *Représentation de la Préfecture de Police pour le contentieux des étrangers devant les juridictions judiciaires et administratives et consultations juridiques*. Cette mission est effectuée pour le compte de PREFECTURE DE POLICE DE PARIS pour une durée de 12 soit une fin de contrat aux environs de mai 2019.\n \nLe 9 avril 2018, **SERFATY VENUTTI CAMACHO & CORDIER** a obtenu un contrat d'une valeur de 1 260 000 €  dans le **CRA de Paris - Vincennes**. Elle est chargée de la mission suivante : *Représentation de la Préfecture de Police pour le contentieux des étrangers devant les juridictions judiciaires et administratives et consultations juridiques*. Cette mission est effectuée pour le compte de PREFECTURE DE POLICE DE PARIS pour une durée de 12 soit une fin de contrat aux environs de mai 2019.",46.203934581,5.2244300407,"02 RUE CLAVAGRY, 01000 BOURG-EN-BRESSE. "
"46",44005618200387,"('48.789553418', '2.491407557')","SPIE ILE DE FRANCE NORD OUEST","16, RUE DU CHAMP RENIÉ","94100","SAINT-MAUR-DES-FOSSES","Le 15 décembre 2017, **SPIE ILE DE FRANCE NORD OUEST** a obtenu un contrat d'une valeur de 281 694 €  dans le **CRA de Mesnil-Amelot**. Elle est chargée de la mission suivante : *rénovation des installations électriques ht/bt aux cra et cantonnement crs du mesnil-amelot sis 2 au7, rue de paris 77990 le mesnil-amelot*. Cette mission est effectuée pour le compte de PROG ASSOCIATIF RADIOPHON INTERET SOCIAL.",48.789553418,2.491407557,"16, RUE DU CHAMP RENIÉ, 94100 SAINT-MAUR-DES-FOSSES. "
"47",44169904800027,"('45.839773273', '4.7359773059')","BYBLOS GROUP","1 ALLÉE DES ECUREUILS","69380","LISSIEU","Le 29 décembre 2021, **BYBLOS GROUP** a obtenu un contrat d'une valeur de 56 666 €  dans le **CRA de Lyon - Saint-Exupéry**. Elle est chargée de la mission suivante : *Externalisation de prestations au profits des CRA de Lyon 1 et Lyon 2*. Cette mission est effectuée pour le compte de SECRETARIAT GENERAL POUR L'ADMINISTRATION DU MINISTERE DE L'INTERIEUR SUD-EST pour une durée de 12 soit une fin de contrat aux environs de janvier 2023.",45.839773273,4.7359773059,"1 ALLÉE DES ECUREUILS, 69380 LISSIEU. "
"48",45043789200026,"('48.255332848', '-1.417092497')","MARSE CONSTRUCTION","ZA LA MOTTAIS","35140","SAINT-AUBIN-DU-CORMIER","Le 19 février 2015, **MARSE CONSTRUCTION** a obtenu un contrat d'une valeur de 229 000 €  dans le **CRA de Rennes**. Elle est chargée de la mission suivante : *Travaux de relogement de la direction zonale de la police aux frontières sur le centre de rétention administrative à Saint Jacques de la Lande (35).*. Cette mission est effectuée pour le compte de ASSOCIATION SPORTIVE DU SGAP OUEST.",48.255332848,-1.417092497,"ZA LA MOTTAIS, 35140 SAINT-AUBIN-DU-CORMIER. "
"49",45062010900022,"('45.752535028', '4.829982614')","","43, RUE AUGUSTE COMTE","69002","LYON 2EME","NA\n \nLe 14 novembre 2018, GEPSA INSTITUT a obtenu un contrat d'une valeur de 10 048 992 € pour la mission suivante : Prestations multiservices et multitechniques dans les Centres de Rétention Administrative de Paris Cette mission est effectuée pour le compte de PREFECTURE DE POLICE DE PARIS pour une durée de 48 soit une fin de contrat aux environs de décembre 2022. <br />\n \nNA\n \nNA",45.752535028,4.829982614,"43, RUE AUGUSTE COMTE, 69002 LYON 2EME. "
"50",45156854700025,"('47.864461378', '1.7581428569')","GROUPE BENARD","8 RUE JEAN MONENET","45130","SAINT-AY","Le 5 janvier 2022, **GROUPE BENARD** a obtenu un contrat d'une valeur de 85 202 €  dans le **CRA de Olivet**. Elle est chargée de la mission suivante : *CONSTRUCTION D'UN CENTRE DE RETENTION ADMINISTRATIVE*. Cette mission est effectuée pour le compte de SECRETARIAT GENERAL POUR L'ADMINISTRATION DU MINISTERE DE L'INTERIEUR OUEST pour une durée de 17 soit une fin de contrat aux environs de juillet 2023.",47.864461378,1.7581428569,"8 RUE JEAN MONENET, 45130 SAINT-AY. "
"51",45404616000023,"('47.884886651', '1.8168146878')","PRO RESINE SARL","15 RUE GUSTAVE EIFFEL","45380","LA CHAPELLE-SAINT-MESMIN","Le 5 janvier 2022, **PRO RESINE SARL** a obtenu un contrat d'une valeur de 382 769 €  dans le **CRA de Olivet**. Elle est chargée de la mission suivante : *CONSTRUCTION D'UN CENTRE DE RETENTION ADMINISTRATIVE*. Cette mission est effectuée pour le compte de SECRETARIAT GENERAL POUR L'ADMINISTRATION DU MINISTERE DE L'INTERIEUR OUEST pour une durée de 17 soit une fin de contrat aux environs de juillet 2023.",47.884886651,1.8168146878,"15 RUE GUSTAVE EIFFEL, 45380 LA CHAPELLE-SAINT-MESMIN. "
"52",48010803400020,"('47.867525239', '1.9191406165')","INEO CENTRE","14 RUE DE LA FONDERIE","45100","ORLEANS","Le 5 janvier 2022, **INEO CENTRE** a obtenu un contrat d'une valeur de 1 108 983 €  dans le **CRA de Olivet**. Elle est chargée de la mission suivante : *CONSTRUCTION D'UN CENTRE DE RETENTION ADMINISTRATIVE*. Cette mission est effectuée pour le compte de SECRETARIAT GENERAL POUR L'ADMINISTRATION DU MINISTERE DE L'INTERIEUR OUEST pour une durée de 17 soit une fin de contrat aux environs de juillet 2023.",47.867525239,1.9191406165,"14 RUE DE LA FONDERIE, 45100 ORLEANS. "
"53",48520576900022,"('46.563756774', '0.3596930854')","NOUVELLE SOCIETE D ASCENSEURS - NSA","6 RUE DE LA GOELETTE","86280","SAINT-BENOIT","Le 5 janvier 2022, **NOUVELLE SOCIETE D ASCENSEURS - NSA** a obtenu un contrat d'une valeur de 24 900 €  dans le **CRA de Olivet**. Elle est chargée de la mission suivante : *CONSTRUCTION D'UN CENTRE DE RETENTION ADMINISTRATIVE*. Cette mission est effectuée pour le compte de SECRETARIAT GENERAL POUR L'ADMINISTRATION DU MINISTERE DE L'INTERIEUR OUEST pour une durée de 17 soit une fin de contrat aux environs de juillet 2023.",46.563756774,0.3596930854,"6 RUE DE LA GOELETTE, 86280 SAINT-BENOIT. "
"54",48995449500011,"('48.579794691', '7.7495934311')","M & M","19 RUE GIRLENHIRSCH","67000","STRASBOURG","Le 23 octobre 2018, **M & M** a obtenu un contrat d'une valeur de 126 945 €  dans le **CRA de Strasbourg - Geispolsheim**. Elle est chargée de la mission suivante : *Marché de maintenance multi-techniques du centre de rétention administrative de Geispolsheim (67)*.",48.579794691,7.7495934311,"19 RUE GIRLENHIRSCH, 67000 STRASBOURG. "
"55",49062477200029,"('48.665012802', '3.1306186245')","AUX SUPPORTERS","9 AVENUE DE POIGNYBP NO 22","77970","JOUY-LE-CHATEL","Le 9 juillet 2015, **AUX SUPPORTERS** a obtenu un contrat d'une valeur de 600 000 €  dans les **CRA de Mesnil-Amelot, Paris - Vincennes**. Elle est chargée de la mission suivante : *Travaux de réutilisation de l'ancien centre de rétention administrative pour le relogement des services de la police aux frontières, au Mesnil-Amelot*. Cette mission est effectuée pour le compte de PREFECTURE DE POLICE DE PARIS.",48.665012802,3.1306186245,"9 AVENUE DE POIGNYBP NO 22, 77970 JOUY-LE-CHATEL. "
"56",49080519900018,"('43.700160359', '1.5084967355')","T.T.","15 ROUTE DE BESSIÈRES","31180","LAPEYROUSE-FOSSAT","**T.T.** a obtenu un contrat  dans le **CRA de Toulouse - Cornebarrieu**. Elle est chargée de la mission suivante : *Travaux de Peintures CRA de Toulouse*. Cette mission est effectuée pour le compte de SECRETARIAT GENERAL POUR L'ADMINISTRATION DU MINISTERE DE L'INTERIEUR SUD-OUEST.",43.700160359,1.5084967355,"15 ROUTE DE BESSIÈRES, 31180 LAPEYROUSE-FOSSAT. "
"57",49287299900023,"('45.690670617', '3.1737787717')","OCEBLOC","","63960","VEYRE-MONTON","Le 21 août 2019, **OCEBLOC** a obtenu un contrat d'une valeur de 2 178 695 €  dans le **CRA de Coquelles**. Elle est chargée de la mission suivante : *Travaux d'extension du Centre de Rétention Administrative de COQUELLES*. Cette mission est effectuée pour le compte de SECRETARIAT GENERAL POUR L'ADMINISTRATION DU MINISTERE DE L'INTERIEUR NORD pour une durée de 9 soit une fin de contrat aux environs de juin 2020.",45.690670617,3.1737787717,", 63960 VEYRE-MONTON. "
"58",50088690800036,"('48.106550435', '-1.733930854')","STEF LOGISTIQUE BRETAGNE NORD","5 RUE DU NOYER","35000","RENNES","Le 19 février 2015, **STEF LOGISTIQUE BRETAGNE NORD** a obtenu un contrat d'une valeur de 187 950 €  dans le **CRA de Rennes**. Elle est chargée de la mission suivante : *Travaux de relogement de la direction zonale de la police aux frontières sur le centre de rétention administrative à Saint Jacques de la Lande (35).*. Cette mission est effectuée pour le compte de ASSOCIATION SPORTIVE DU SGAP OUEST.",48.106550435,-1.733930854,"5 RUE DU NOYER, 35000 RENNES. "
"59",50114464600038,"('45.713555918', '4.9074790781')","ROIRET SERVICES","BAT M - 50, RUE JEAN ZAY","69800","SAINT-PRIEST","Le 16 mars 2020, **ROIRET SERVICES** a obtenu un contrat d'une valeur de 119 850 €  dans le **CRA de Lyon - Saint-Exupéry**. Elle est chargée de la mission suivante : *Exploitation et maintenance multi-technique Centre de rétention administrative (CRA) de Saint Exupery à Colombier-Saugnieu (69) - marché no 2020-005*. Cette mission est effectuée pour le compte de S.G..",45.713555918,4.9074790781,"BAT M - 50, RUE JEAN ZAY, 69800 SAINT-PRIEST. "
"60",50194641200035,"('43.293725856', '5.4967243408')","PROTECTION +","LA FLORICITY BÂT C - 2ÈME ÉTAGE 1 AVENUE JACQUELINE AURIOL","13011","MARSEILLE 11","Le 24 janvier 2022, **PROTECTION +** a obtenu un contrat d'une valeur de 187 641 €  dans les **CRA de Marseille, Nîmes, Toulouse - Cornebarrieu**. Elle est chargée de la mission suivante : *Prestation de conduite de véhicules pour les escortes et transferts, de gestion des visiteurs pour les CRA Marseille, Nîmes et Toulouse.* pour une durée de 48 soit une fin de contrat aux environs de février 2026.",43.293725856,5.4967243408,"LA FLORICITY BÂT C - 2ÈME ÉTAGE 1 AVENUE JACQUELINE AURIOL, 13011 MARSEILLE 11. "
"61",50508252900015,"('48.922788409', '2.4224703962')","NOVELEC","24 RUE ARMAND CARREL","93700","DRANCY","Le 9 juillet 2015, **NOVELEC** a obtenu un contrat d'une valeur de 117 794 €  dans les **CRA de Mesnil-Amelot, Paris - Vincennes**. Elle est chargée de la mission suivante : *Travaux de réutilisation de l'ancien centre de rétention administrative pour le relogement des services de la police aux frontières, au Mesnil-Amelot*. Cette mission est effectuée pour le compte de PREFECTURE DE POLICE DE PARIS.\n \nLe 9 juillet 2015, **NOVELEC** a obtenu un contrat d'une valeur de 158 929 €  dans les **CRA de Mesnil-Amelot, Paris - Vincennes**. Elle est chargée de la mission suivante : *Travaux de réutilisation de l'ancien centre de rétention administrative pour le relogement des services de la police aux frontières, au Mesnil-Amelot*. Cette mission est effectuée pour le compte de PREFECTURE DE POLICE DE PARIS.",48.922788409,2.4224703962,"24 RUE ARMAND CARREL, 93700 DRANCY. "
"62",51007244000025,"('48.793554926', '7.8049516928')","STOW FIRMINY","4 RUE ETTORE BUGATTI","67500","HAGUENAU","Le 20 février 2015, **STOW FIRMINY** a obtenu un contrat d'une valeur de 6 788 €  dans le **CRA de Rennes**. Elle est chargée de la mission suivante : *Travaux de relogement de la direction zonale de la police aux frontières sur le centre de rétention administrative à Saint Jacques de la Lande (35).*. Cette mission est effectuée pour le compte de ASSOCIATION SPORTIVE DU SGAP OUEST.",48.793554926,7.8049516928,"4 RUE ETTORE BUGATTI, 67500 HAGUENAU. "
"63",51238993300049,"('48.964022388', '2.5606396627')","ATTEC","50 AVENUE MARCEL PAUL","93290","TREMBLAY-EN-FRANCE","Le 16 décembre 2019, **ATTEC** a obtenu un contrat d'une valeur de 314 994 €  dans le **CRA de Dijon**. Elle est chargée de la mission suivante : *Travaux de rénovation de la toiture terrasse et des installations CVC de la ZAPI de ROISSY, 219 rue du noyer du chat 93290 TREMBLAY-EN-FRANCE*. Cette mission est effectuée pour le compte de PROG ASSOCIATIF RADIOPHON INTERET SOCIAL.",48.964022388,2.5606396627,"50 AVENUE MARCEL PAUL, 93290 TREMBLAY-EN-FRANCE. "
"64",51243536300027,"('48.520794506', '2.6666714793')","STRADANOVA","25 RUE BENJAMIN KRANKLIN","77000","LA ROCHETTE","Le 9 juillet 2015, **STRADANOVA** a obtenu un contrat d'une valeur de 246 000 €  dans les **CRA de Mesnil-Amelot, Paris - Vincennes**. Elle est chargée de la mission suivante : *Travaux de réutilisation de l'ancien centre de rétention administrative pour le relogement des services de la police aux frontières, au Mesnil-Amelot*. Cette mission est effectuée pour le compte de PREFECTURE DE POLICE DE PARIS.",48.520794506,2.6666714793,"25 RUE BENJAMIN KRANKLIN, 77000 LA ROCHETTE. "
"65",52191272500020,"('48.866657592', '2.3330116907')","ARCO-LEGAL","49, RUE SAINT ROCH","75001","PARIS 1","Le 9 avril 2018, **ARCO-LEGAL** a obtenu un contrat d'une valeur de 3 500 000 €  dans le **CRA de Paris - Vincennes**. Elle est chargée de la mission suivante : *Représentation de la Préfecture de Police pour le contentieux des étrangers devant les juridictions judiciaires et administratives et consultations juridiques*. Cette mission est effectuée pour le compte de PREFECTURE DE POLICE DE PARIS pour une durée de 12 soit une fin de contrat aux environs de mai 2019.\n \nLe 9 avril 2018, **ARCO-LEGAL** a obtenu un contrat d'une valeur de 2 000 000 €  dans le **CRA de Paris - Vincennes**. Elle est chargée de la mission suivante : *Représentation de la Préfecture de Police pour le contentieux des étrangers devant les juridictions judiciaires et administratives et consultations juridiques*. Cette mission est effectuée pour le compte de PREFECTURE DE POLICE DE PARIS pour une durée de 12 soit une fin de contrat aux environs de mai 2019.\n \nLe 9 avril 2018, **ARCO-LEGAL** a obtenu un contrat d'une valeur de 1 260 000 €  dans le **CRA de Paris - Vincennes**. Elle est chargée de la mission suivante : *Représentation de la Préfecture de Police pour le contentieux des étrangers devant les juridictions judiciaires et administratives et consultations juridiques*. Cette mission est effectuée pour le compte de PREFECTURE DE POLICE DE PARIS pour une durée de 12 soit une fin de contrat aux environs de mai 2019.",48.866657592,2.3330116907,"49, RUE SAINT ROCH, 75001 PARIS 1. "
"66",52419812400025,"('47.970919536', '-1.810748978')","GAUTHIER PLAFONDS","2 RUE EMILIE DU CHATELET","35580","GUICHEN","Le 19 février 2015, **GAUTHIER PLAFONDS** a obtenu un contrat d'une valeur de 86 905 €  dans le **CRA de Rennes**. Elle est chargée de la mission suivante : *Travaux de relogement de la direction zonale de la police aux frontières sur le centre de rétention administrative à Saint Jacques de la Lande (35).*. Cette mission est effectuée pour le compte de ASSOCIATION SPORTIVE DU SGAP OUEST.",47.970919536,-1.810748978,"2 RUE EMILIE DU CHATELET, 35580 GUICHEN. "
"67",52895090000019,"('48.105140022', '-1.47929065')","MARIOTTE","ZA LA CROIX ROUGE","35530","BRECE","Le 19 février 2015, **MARIOTTE** a obtenu un contrat d'une valeur de 148 000 €  dans le **CRA de Rennes**. Elle est chargée de la mission suivante : *Travaux de relogement de la direction zonale de la police aux frontières sur le centre de rétention administrative à Saint Jacques de la Lande (35).*. Cette mission est effectuée pour le compte de ASSOCIATION SPORTIVE DU SGAP OUEST.",48.105140022,-1.47929065,"ZA LA CROIX ROUGE, 35530 BRECE. "
"68",52953213700039,"('48.891976521', '2.4463765706')","S & S","IMMEUBLE OLYMPE 23 AVENUE JULES RIMET","93130","NOISY-LE-SEC","Le 30 septembre 2019, **S & S** a obtenu un contrat d'une valeur de 3 090 936 €  dans les **CRA de Nice, Nîmes, Sète**. Elle est chargée de la mission suivante : *MARCHE DE GESTION HÔTELIERE DES CENTRES DE RETENTION D'ADMINISTRATIVE (C.R.A.) DE NÎMES, NICE ET SETE ET DE PRESTATIONS ESPACE VERT POUR LE CRA DE NICE* pour une durée de 12 soit une fin de contrat aux environs de octobre 2020.\n \nLe 30 septembre 2019, **S & S** a obtenu un contrat d'une valeur de 1 741 923 €  dans les **CRA de Nice, Nîmes, Sète**. Elle est chargée de la mission suivante : *MARCHE DE GESTION HÔTELIERE DES CENTRES DE RETENTION D'ADMINISTRATIVE (C.R.A.) DE NÎMES, NICE ET SETE ET DE PRESTATIONS ESPACE VERT POUR LE CRA DE NICE* pour une durée de 12 soit une fin de contrat aux environs de octobre 2020.",48.891976521,2.4463765706,"IMMEUBLE OLYMPE 23 AVENUE JULES RIMET, 93130 NOISY-LE-SEC. "
"69",52964755400052,"('48.422311556', '1.4401057919')","PROJECTIO","15 RUE DU VAL DE L'EURE","28630","FONTENAY-SUR-EURE","Le 29 juillet 2021, **PROJECTIO** a obtenu un contrat d'une valeur de 54 835 €  dans le **CRA de Olivet**. Elle est chargée de la mission suivante : *Mission OPC pour la Construction d'un Centre de Rétention Administrative à Olivet (45)*.",48.422311556,1.4401057919,"15 RUE DU VAL DE L'EURE, 28630 FONTENAY-SUR-EURE. "
"70",52969896100016,"('48.476843409', '-2.503140605')","I P B C","ZA DE LANJOUAN","22400","LAMBALLE-ARMOR","Le 19 février 2015, **I P B C** a obtenu un contrat d'une valeur de 100 857 €  dans le **CRA de Rennes**. Elle est chargée de la mission suivante : *Travaux de relogement de la direction zonale de la police aux frontières sur le centre de rétention administrative à Saint Jacques de la Lande (35).*. Cette mission est effectuée pour le compte de ASSOCIATION SPORTIVE DU SGAP OUEST.",48.476843409,-2.503140605,"ZA DE LANJOUAN, 22400 LAMBALLE-ARMOR. "
"71",53371473900018,"('47.806533501', '1.0845555399')","NADELI","14 RUE ROCHEBOYER","41100","SAINT-OUEN","Le 5 janvier 2022, **NADELI** a obtenu un contrat d'une valeur de 658 543 €  dans le **CRA de Olivet**. Elle est chargée de la mission suivante : *CONSTRUCTION D'UN CENTRE DE RETENTION ADMINISTRATIVE*. Cette mission est effectuée pour le compte de SECRETARIAT GENERAL POUR L'ADMINISTRATION DU MINISTERE DE L'INTERIEUR OUEST pour une durée de 17 soit une fin de contrat aux environs de juillet 2023.",47.806533501,1.0845555399,"14 RUE ROCHEBOYER, 41100 SAINT-OUEN. "
"72",53741570500020,"('48.867639653', '2.2802258815')","MATHIEU ET ASSOCIE","130, AVENUE VICTOR HUGO","75116","PARIS 16","Le 9 avril 2018, **MATHIEU ET ASSOCIE** a obtenu un contrat d'une valeur de 3 500 000 €  dans le **CRA de Paris - Vincennes**. Elle est chargée de la mission suivante : *Représentation de la Préfecture de Police pour le contentieux des étrangers devant les juridictions judiciaires et administratives et consultations juridiques*. Cette mission est effectuée pour le compte de PREFECTURE DE POLICE DE PARIS pour une durée de 12 soit une fin de contrat aux environs de mai 2019.\n \nLe 9 avril 2018, **MATHIEU ET ASSOCIE** a obtenu un contrat d'une valeur de 1 260 000 €  dans le **CRA de Paris - Vincennes**. Elle est chargée de la mission suivante : *Représentation de la Préfecture de Police pour le contentieux des étrangers devant les juridictions judiciaires et administratives et consultations juridiques*. Cette mission est effectuée pour le compte de PREFECTURE DE POLICE DE PARIS pour une durée de 12 soit une fin de contrat aux environs de mai 2019.",48.867639653,2.2802258815,"130, AVENUE VICTOR HUGO, 75116 PARIS 16. "
"73",53791526600036,"('48.88586335', '2.1750861788')","CEGELEC TERTIAIRE ILE DE FRANCE","85 AVENUE VICTOR HUGO","92500","RUEIL-MALMAISON","Le 16 décembre 2019, **CEGELEC TERTIAIRE ILE DE FRANCE** a obtenu un contrat d'une valeur de 340 000 €  dans le **CRA de Dijon**. Elle est chargée de la mission suivante : *Travaux de rénovation de la toiture terrasse et des installations CVC de la ZAPI de ROISSY, 219 rue du noyer du chat 93290 TREMBLAY-EN-FRANCE*. Cette mission est effectuée pour le compte de PROG ASSOCIATIF RADIOPHON INTERET SOCIAL.",48.88586335,2.1750861788,"85 AVENUE VICTOR HUGO, 92500 RUEIL-MALMAISON. "
"74",53818848300068,"('48.879644749', '2.3219288785')","","54, RUE DE ROME","75008","PARIS 8","Le 14 novembre 2018, GEPSA INSTITUT a obtenu un contrat d'une valeur de 10 048 992 € pour la mission suivante : Prestations multiservices et multitechniques dans les Centres de Rétention Administrative de Paris Cette mission est effectuée pour le compte de PREFECTURE DE POLICE DE PARIS pour une durée de 48 soit une fin de contrat aux environs de décembre 2022. <br />\n \nNA",48.879644749,2.3219288785,"54, RUE DE ROME, 75008 PARIS 8. "
"75",53870002200154,"('45.80917864', '4.8990401936')","SPIE FACILITIES","23 MONTÉE CASTELLANE","69140","RILLIEUX-LA-PAPE","Le 29 mars 2018, **SPIE FACILITIES** a obtenu un contrat d'une valeur de 294 580 €  dans le **CRA de Lyon - Saint-Exupéry**. Elle est chargée de la mission suivante : *Marché d'exploitation et de maintenance multi-technique au centre de rétention administrative CRA - St Exupéry (69)*. Cette mission est effectuée pour le compte de A P pour une durée de 12 soit une fin de contrat aux environs de avril 2019.",45.80917864,4.8990401936,"23 MONTÉE CASTELLANE, 69140 RILLIEUX-LA-PAPE. "
"76",54210765106703,"('43.609739698', '3.8922323518')","ENGIE","AGENCE LANGUEDOC ROUSSILLON 201 EUCLIDE-PARC EUREKA CS 49531 34960 MONTPELLIER CEDEX 2 SIRET : 552 046 955 04482","34000","MONTPELLIER","Le 2 février 2018, **ENGIE** a obtenu un contrat d'une valeur de 102 388 €  dans le **CRA de Perpignan**. Elle est chargée de la mission suivante : *Maintenance et exploitation multi-techniques du centre de rétention administrative (CRA) 66* pour une durée de 36 soit une fin de contrat aux environs de mars 2021.",43.609739698,3.8922323518,"AGENCE LANGUEDOC ROUSSILLON 201 EUCLIDE-PARC EUREKA CS 49531 34960 MONTPELLIER CEDEX 2 SIRET : 552 046 955 04482, 34000 MONTPELLIER. "
"77",54210765112982,"('45.768622165', '4.8372363809')","ENGIE","127 AVENUE BARTHÉLÉMY BUYER BP 5066","69001","LYON 1ER","Le 31 mars 2017, **ENGIE** a obtenu un contrat d'une valeur de 71 400 €  dans le **CRA de Lyon - Saint-Exupéry**. Elle est chargée de la mission suivante : *Marché d'exploitation et de maintenance multi-technique au centre de rétention administrative CRA - St Exupéry (69)*. Cette mission est effectuée pour le compte de A P pour une durée de 12 soit une fin de contrat aux environs de avril 2018.",45.768622165,4.8372363809,"127 AVENUE BARTHÉLÉMY BUYER BP 5066, 69001 LYON 1ER. "
"78",68204083700572,"('47.909260407', '1.8540532622')","SMAC","9 RUE EMILE LECONTE","45140","INGRE","Le 5 janvier 2022, **SMAC** a obtenu un contrat d'une valeur de 361 433 €  dans le **CRA de Olivet**. Elle est chargée de la mission suivante : *CONSTRUCTION D'UN CENTRE DE RETENTION ADMINISTRATIVE*. Cette mission est effectuée pour le compte de SECRETARIAT GENERAL POUR L'ADMINISTRATION DU MINISTERE DE L'INTERIEUR OUEST pour une durée de 17 soit une fin de contrat aux environs de juillet 2023.\n \nLe 5 janvier 2022, **SMAC** a obtenu un contrat d'une valeur de 319 837 €  dans le **CRA de Olivet**. Elle est chargée de la mission suivante : *CONSTRUCTION D'UN CENTRE DE RETENTION ADMINISTRATIVE*. Cette mission est effectuée pour le compte de SECRETARIAT GENERAL POUR L'ADMINISTRATION DU MINISTERE DE L'INTERIEUR OUEST pour une durée de 17 soit une fin de contrat aux environs de juillet 2023.",47.909260407,1.8540532622,"9 RUE EMILE LECONTE, 45140 INGRE. "
"79",71920091700032,"('48.081123729', '-1.603507872')","BARTHELEMY","LE PONT BOEUF","35135","CHANTEPIE","Le 5 janvier 2021, **BARTHELEMY** a obtenu un contrat d'une valeur de 40 722 €  dans le **CRA de Rennes**. Elle est chargée de la mission suivante : *Travaux pour la mise en place d'un bâtiment modulaire au Centre de Rétention Administrative à St Jacques de la Lande (35) - 2ème consultation*.",48.081123729,-1.603507872,"LE PONT BOEUF, 35135 CHANTEPIE. "
"80",75010441600011,"('48.109812315', '-1.676825687')","AMAR COUPE","PA AIRLANDE","35000","RENNES","Le 20 février 2015, **AMAR COUPE** a obtenu un contrat d'une valeur de 147 000 €  dans le **CRA de Rennes**. Elle est chargée de la mission suivante : *Travaux de relogement de la direction zonale de la police aux frontières sur le centre de rétention administrative à Saint Jacques de la Lande (35).*. Cette mission est effectuée pour le compte de ASSOCIATION SPORTIVE DU SGAP OUEST.",48.109812315,-1.676825687,"PA AIRLANDE, 35000 RENNES. "
"81",75088613700017,"('48.882005048', '2.3460979324')","CABINET ADAM-CAUMEIL","2 AVENUE TRUDAINE","75009","PARIS 9","Le 9 avril 2018, **CABINET ADAM-CAUMEIL** a obtenu un contrat d'une valeur de 3 500 000 €  dans le **CRA de Paris - Vincennes**. Elle est chargée de la mission suivante : *Représentation de la Préfecture de Police pour le contentieux des étrangers devant les juridictions judiciaires et administratives et consultations juridiques*. Cette mission est effectuée pour le compte de PREFECTURE DE POLICE DE PARIS pour une durée de 12 soit une fin de contrat aux environs de mai 2019.",48.882005048,2.3460979324,"2 AVENUE TRUDAINE, 75009 PARIS 9. "
"82",77566487304139,"('47.122052614', '-1.502141811')","BOUYGUES ENERGIES & SERVICES","1 RUE DES FONTENELLES","44140","LE BIGNON","Le 4 janvier 2021, **BOUYGUES ENERGIES & SERVICES** a obtenu un contrat d'une valeur de 5 997 €  dans le **CRA de Rennes**. Elle est chargée de la mission suivante : *Travaux pour la mise en place d'un bâtiment modulaire au Centre de Rétention Administrative à St Jacques de la Lande (35) - 2ème consultation*.",47.122052614,-1.502141811,"1 RUE DES FONTENELLES, 44140 LE BIGNON. "
"83",78454750700433,"('48.892152104', '2.362196084')","FRANCE TERRE D ASILE","24 RUE MARC SEGUIN","75018","PARIS 18","Le 16 octobre 2023, **FRANCE TERRE D ASILE** a obtenu un contrat d'une valeur de 1 351 216 €  dans le **CRA de Olivet**. Elle est chargée de la mission suivante : *ASSISTANCE JURIDIQUE AUX ETRANGERS MAINTENUS DANS LE CENTRE DE RETENTION ADMINISTRATIVE D'OLIVET*.\n \nLe 4 décembre 2020, **FRANCE TERRE D ASILE** a obtenu un contrat d'une valeur de 270 242 €  dans le **CRA de Palaiseau**. Elle est chargée de la mission suivante : *information et assistance juridique des étrangers maintenus dans les centres de rétention administrative (cra)*.\n \nLe 4 décembre 2020, **FRANCE TERRE D ASILE** a obtenu un contrat d'une valeur de 224 259 €  dans le **CRA de Plaisir**. Elle est chargée de la mission suivante : *information et assistance juridique des étrangers maintenus dans les centres de rétention administrative (cra)*.\n \nLe 4 décembre 2020, **FRANCE TERRE D ASILE** a obtenu un contrat d'une valeur de 1 603 316 €  dans le **CRA de Coquelles**. Elle est chargée de la mission suivante : *information et assistance juridique des étrangers maintenus dans les centres de rétention administrative (cra)*.\n \nLe 4 décembre 2020, **FRANCE TERRE D ASILE** a obtenu un contrat d'une valeur de 766 042 €  dans le **CRA de Rouen - Oissel**. Elle est chargée de la mission suivante : *information et assistance juridique des étrangers maintenus dans les centres de rétention administrative (cra)*.",48.892152104,2.362196084,"24 RUE MARC SEGUIN, 75018 PARIS 18. "
"84",80390391300066,"('48.79026939', '2.212514006')","SECURITIM","17 RUE JEAN BRACONNIER","92360","MEUDON","Le 28 décembre 2021, **SECURITIM** a obtenu un contrat d'une valeur de 247 143 €  dans le **CRA de Lyon - Saint-Exupéry**. Elle est chargée de la mission suivante : *Externalisation de prestations au profits des CRA de Lyon 1 et Lyon 2*. Cette mission est effectuée pour le compte de SECRETARIAT GENERAL POUR L'ADMINISTRATION DU MINISTERE DE L'INTERIEUR SUD-EST pour une durée de 12 soit une fin de contrat aux environs de janvier 2023.\n \nLe 28 décembre 2021, **SECURITIM** a obtenu un contrat d'une valeur de 168 474 €  dans le **CRA de Lyon - Saint-Exupéry**. Elle est chargée de la mission suivante : *Externalisation de prestations au profits des CRA de Lyon 1 et Lyon 2*. Cette mission est effectuée pour le compte de SECRETARIAT GENERAL POUR L'ADMINISTRATION DU MINISTERE DE L'INTERIEUR SUD-EST pour une durée de 12 soit une fin de contrat aux environs de janvier 2023.\n \nLe 7 septembre 2020, **SECURITIM** a obtenu un contrat d'une valeur de 166 021 €  dans le **CRA de Lyon - Saint-Exupéry**. Elle est chargée de la mission suivante : *Emploi de personnel qualifié SSIAP 1 au profit du Centre de Rétention Administrative de Lyon Saint Exupéry*. Cette mission est effectuée pour le compte de SECRETARIAT GENERAL POUR L'ADMINISTRATION DU MINISTERE DE L'INTERIEUR SUD-EST pour une durée de 48 soit une fin de contrat aux environs de octobre 2024.",48.79026939,2.212514006,"17 RUE JEAN BRACONNIER, 92360 MEUDON. "
"85",81040370900027,"('48.924184099', '2.3632426619')","GEPSA INSTITUT","BÂTIMENT OLYMPE, 23 AVENUE JULES RIMET","93210","SAINT-DENIS","Le 15 novembre 2022, **GEPSA INSTITUT** a obtenu un contrat d'une valeur de 276 558 €  dans le **CRA de Toulouse - Cornebarrieu**. Elle est chargée de la mission suivante : *RELANCE - GESTION HOTELIERE DU CENTRE DE RETENTION ADMINISTRATIVE DE TOULOUSE A CORNEBARRIEU (31)* pour une durée de 36 soit une fin de contrat aux environs de décembre 2025.\n \nLe 18 décembre 2019, **GEPSA INSTITUT** a obtenu un contrat d'une valeur de 74 298 €  dans le **CRA de Bordeaux**. Elle est chargée de la mission suivante : *Externalisation de la gestion hôtelière du centre de rétention administrative de Bordeaux ( CRA33)*. Cette mission est effectuée pour le compte de SECRETARIAT GENERAL POUR L'ADMINISTRATION DU MINISTERE DE L'INTERIEUR SUD-OUEST pour une durée de 36 soit une fin de contrat aux environs de janvier 2023.\n \nLe 18 décembre 2019, **GEPSA INSTITUT** a obtenu un contrat d'une valeur de 29 270 €  dans le **CRA de Bordeaux**. Elle est chargée de la mission suivante : *Externalisation de la gestion hôtelière du centre de rétention administrative de Bordeaux ( CRA33)*. Cette mission est effectuée pour le compte de SECRETARIAT GENERAL POUR L'ADMINISTRATION DU MINISTERE DE L'INTERIEUR SUD-OUEST pour une durée de 36 soit une fin de contrat aux environs de janvier 2023.\n \nLe 12 décembre 2019, **GEPSA INSTITUT** a obtenu un contrat d'une valeur de 3 540 000 €  dans le **CRA de Metz - Queuleu**. Elle est chargée de la mission suivante : *prestations de nettoyage, hôtellerie et restauration pour le centre de rétention administrative (cra) de metz (57)*. Cette mission est effectuée pour le compte de SECRETARIAT GENERAL POUR L'ADMINISTRATION DU MINISTERE DE L'INTERIEUR EST.\n \nLe 27 février 2019, **GEPSA INSTITUT** a obtenu un contrat d'une valeur de 295 428 €  dans le **CRA de Toulouse - Cornebarrieu**. Elle est chargée de la mission suivante : *gestion hôtelière du centre de rétention administrative de toulouse (31)*. Cette mission est effectuée pour le compte de SECRETARIAT GENERAL POUR L'ADMINISTRATION DU MINISTERE DE L'INTERIEUR SUD pour une durée de 24 soit une fin de contrat aux environs de mars 2021.\n \nLe 30 novembre 2018, **GEPSA INSTITUT** a obtenu un contrat d'une valeur de 6 234 000 € . Elle est chargée de la mission suivante : *Prestations multitechniques et multiservices dans les centres de rétention administrative, locaux de rétention administrative et zone d'attente pour passagers en instance du SGAMI d'Île-de-F*. Cette mission est effectuée pour le compte de PREFECTURE DE POLICE DE PARIS pour une durée de 12 soit une fin de contrat aux environs de décembre 2019.\n \nLe 14 novembre 2018, **GEPSA INSTITUT** a obtenu un contrat d'une valeur de 10 048 992 € . Elle est chargée de la mission suivante : *Prestations multiservices et multitechniques dans les Centres de Rétention Administrative de Paris*. Cette mission est effectuée pour le compte de PREFECTURE DE POLICE DE PARIS pour une durée de 48 soit une fin de contrat aux environs de décembre 2022.",48.924184099,2.3632426619,"BÂTIMENT OLYMPE, 23 AVENUE JULES RIMET, 93210 SAINT-DENIS. "
"86",81088042700036,"('48.951401799', '1.9293742639')","MAES SAS","5 RUE DES FONTENELLES ZAI DU PETIT PARC","78920","ECQUEVILLY","Le 26 décembre 2016, **MAES SAS** a obtenu un contrat d'une valeur de 279 298 €  dans le **CRA de Rouen - Oissel**. Elle est chargée de la mission suivante : *Oissel (76) sécurisation du Centre de Rétention Administratif - 2016*. Cette mission est effectuée pour le compte de SECRETARIAT GENERAL POUR L'ADMINISTRATION DU MINISTERE DE L'INTERIEUR OUEST.",48.951401799,1.9293742639,"5 RUE DES FONTENELLES ZAI DU PETIT PARC, 78920 ECQUEVILLY. "
"87",82772034300017,"('48.918277078', '2.3790421283')","SA","IMMEUBLE OLYMPE 23 AVENUE JULES RIMET 93210 SAINT DENIS SERVICE.DEVELOPPEMENT@GEPSA.FR TÉLÉPHONE : 01 55 99 46 46 SIRET : 342 122 546 00779","93300","AUBERVILLIERS","Le 26 septembre 2023, **SA** a obtenu un contrat d'une valeur de 359 762 €  dans les **CRA de Nice, Nîmes, Sète**. Elle est chargée de la mission suivante : *Marché de Gestion Hôtelière des CRA de Nice , Nîmes et Sète ainsi que de la zone d'attente (ZA) et du local de rétention administrative (LRA) de Nice et de Prestations Espace vert pour le CRA de* pour une durée de 6 soit une fin de contrat aux environs de avril 2024.\n \nLe 26 septembre 2023, **SA** a obtenu un contrat d'une valeur de 144 539 €  dans les **CRA de Nice, Nîmes, Sète**. Elle est chargée de la mission suivante : *Marché de Gestion Hôtelière des CRA de Nice , Nîmes et Sète ainsi que de la zone d'attente (ZA) et du local de rétention administrative (LRA) de Nice et de Prestations Espace vert pour le CRA de* pour une durée de 6 soit une fin de contrat aux environs de avril 2024.\n \nLe 26 septembre 2023, **SA** a obtenu un contrat d'une valeur de 220 464 €  dans les **CRA de Nice, Nîmes, Sète**. Elle est chargée de la mission suivante : *Marché de Gestion Hôtelière des CRA de Nice , Nîmes et Sète ainsi que de la zone d'attente (ZA) et du local de rétention administrative (LRA) de Nice et de Prestations Espace vert pour le CRA de* pour une durée de 6 soit une fin de contrat aux environs de avril 2024.\n \nLe 27 avril 2023, **SA** a obtenu un contrat d'une valeur de 472 500 €  dans le **CRA de Strasbourg - Geispolsheim**. Elle est chargée de la mission suivante : *Marché d'hôtellerie et de restauration du Centre de Rétention Administrative (CRA) de GEISPOLSHEIM (67)* pour une durée de 36 soit une fin de contrat aux environs de mai 2026.\n \nLe 17 août 2020, **SA** a obtenu un contrat d'une valeur de 538 314 €  dans le **CRA de Marseille**. Elle est chargée de la mission suivante : *Prestations d'accueil du public, d'accompagnement du retenu et de gardiennage du Centre de Rétention Administrative du Canet à Marseille* pour une durée de 48 soit une fin de contrat aux environs de septembre 2024.\n \nLe 20 décembre 2016, **SA** a obtenu un contrat d'une valeur de 450 179 €  dans le **CRA de Metz - Queuleu**. Elle est chargée de la mission suivante : *Prestations de restauration, nettoyage et hôtellerie pour le centre de rétention administrative (CRA) de Metz (57)*.\n \nLe 25 mai 2016, **SA** a obtenu un contrat  dans le **CRA de Metz - Queuleu**. Elle est chargée de la mission suivante : *maintenance multi-techniques du centre de rétention administrative de METZ (57)*.",48.918277078,2.3790421283,"IMMEUBLE OLYMPE 23 AVENUE JULES RIMET 93210 SAINT DENIS SERVICE.DEVELOPPEMENT@GEPSA.FR TÉLÉPHONE : 01 55 99 46 46 SIRET : 342 122 546 00779, 93300 AUBERVILLIERS. "
"88",83145716300010,"('48.666143743', '2.5432021969')","IDF","LES ESPACES MULTISERVICES56 BOULEVARD DE COURCERIN","77380","COMBS-LA-VILLE","Le 15 décembre 2017, **IDF** a obtenu un contrat d'une valeur de 273 975 €  dans le **CRA de Mesnil-Amelot**. Elle est chargée de la mission suivante : *rénovation des installations électriques ht/bt aux cra et cantonnement crs du mesnil-amelot sis 2 au7, rue de paris 77990 le mesnil-amelot*. Cette mission est effectuée pour le compte de PROG ASSOCIATIF RADIOPHON INTERET SOCIAL.",48.666143743,2.5432021969,"LES ESPACES MULTISERVICES56 BOULEVARD DE COURCERIN, 77380 COMBS-LA-VILLE. "
"89",84379714300024,"('48.729877992', '2.3031005523')","G3X EXPERTS","10 RUE DU SAULE TRAPU","91300","MASSY","Le 24 janvier 2022, **G3X EXPERTS** a obtenu un contrat d'une valeur de 187 641 €  dans les **CRA de Marseille, Nîmes, Toulouse - Cornebarrieu**. Elle est chargée de la mission suivante : *Prestation de conduite de véhicules pour les escortes et transferts, de gestion des visiteurs pour les CRA Marseille, Nîmes et Toulouse.* pour une durée de 48 soit une fin de contrat aux environs de février 2026.",48.729877992,2.3031005523,"10 RUE DU SAULE TRAPU, 91300 MASSY. "
"90",85480074501125,"('48.889543106', '2.2363674435')","AXIMA CONCEPT","1 PLACE DES DEGRÉSTOUR VOLTAIRE","92800","PUTEAUX","Le 10 août 2016, **AXIMA CONCEPT** a obtenu un contrat d'une valeur de 451 348 €  dans le **CRA de Mesnil-Amelot**. Elle est chargée de la mission suivante : *prestations multiservices et multitechniques dans les cra 2 et 3 de la direction départementale de la ddpaf 77, de l'annexe au tgi de meaux et gestion multitechnique cantonnement crs du mesnil amelot*. Cette mission est effectuée pour le compte de SECRETARIAT GEN ADMINISTRATION POLICE pour une durée de 12 soit une fin de contrat aux environs de septembre 2017.",48.889543106,2.2363674435,"1 PLACE DES DEGRÉSTOUR VOLTAIRE, 92800 PUTEAUX. "
"91",87778365400016,"('48.865541481', '2.375685135')","FONDS DE DOTATION LA CIMADE","91 RUE OBERKAMPF","75011","PARIS 11","Le 4 décembre 2020, **FONDS DE DOTATION LA CIMADE** a obtenu un contrat d'une valeur de 690 249 €  dans le **CRA de Bordeaux**. Elle est chargée de la mission suivante : *information et assistance juridique des étrangers maintenus dans les centres de rétention administrative (cra)*.\n \nLe 4 décembre 2020, **FONDS DE DOTATION LA CIMADE** a obtenu un contrat d'une valeur de 773 082 €  dans le **CRA de Guadeloupe**. Elle est chargée de la mission suivante : *information et assistance juridique des étrangers maintenus dans les centres de rétention administrative (cra)*.\n \nLe 4 décembre 2020, **FONDS DE DOTATION LA CIMADE** a obtenu un contrat d'une valeur de 1 968 995 €  dans le **CRA de Guyane**. Elle est chargée de la mission suivante : *information et assistance juridique des étrangers maintenus dans les centres de rétention administrative (cra)*.",48.865541481,2.375685135,"91 RUE OBERKAMPF, 75011 PARIS 11. "
